{"name":"build-javascript","namedChunkGroups":{"app":{"name":"app","assets":[{"name":"webpack-runtime-0499259e40c4cf46be20.js","size":5275},{"name":"framework-9d5c940f69f4a61fbe12.js","size":140361},{"name":"app-d8a8087c5eee31e31438.js","size":61776}],"filteredAssets":0,"assetsSize":207412,"filteredAuxiliaryAssets":3,"auxiliaryAssetsSize":596005},"component---src-pages-404-js":{"name":"component---src-pages-404-js","assets":[{"name":"component---src-pages-404-js-cbeae6cf7f81db14cc03.js","size":789}],"filteredAssets":0,"assetsSize":789,"filteredAuxiliaryAssets":1,"auxiliaryAssetsSize":2106},"component---src-pages-about-cet-js":{"name":"component---src-pages-about-cet-js","assets":[{"name":"styles.c4a138143754bc458867.css","size":20244},{"name":"component---src-pages-about-cet-js-20097704a346327676aa.js","size":33340}],"filteredAssets":0,"assetsSize":53584,"filteredAuxiliaryAssets":22,"auxiliaryAssetsSize":22869547},"component---src-pages-about-cgpu-js":{"name":"component---src-pages-about-cgpu-js","assets":[{"name":"styles.c4a138143754bc458867.css","size":20244},{"name":"component---src-pages-about-cgpu-js-edcf0804228fa4efe3d7.js","size":24913}],"filteredAssets":0,"assetsSize":45157,"filteredAuxiliaryAssets":22,"auxiliaryAssetsSize":22877211},"component---src-pages-contact-js":{"name":"component---src-pages-contact-js","assets":[{"name":"styles.c4a138143754bc458867.css","size":20244},{"name":"component---src-pages-contact-js-fa7748f3e00bf299a6ad.js","size":18054}],"filteredAssets":0,"assetsSize":38298,"filteredAuxiliaryAssets":21,"auxiliaryAssetsSize":22762346},"component---src-pages-gallery-js":{"name":"component---src-pages-gallery-js","assets":[{"name":"styles.c4a138143754bc458867.css","size":20244},{"name":"2845cb13557c47c09e2fc01d411c6d07608d23bf-14ce5a0fb66b086bbfcb.js","size":18578},{"name":"component---src-pages-gallery-js-f9724e4ccb4664b1d24d.js","size":3299}],"filteredAssets":0,"assetsSize":42121,"filteredAuxiliaryAssets":22,"auxiliaryAssetsSize":22778948},"component---src-pages-index-js":{"name":"component---src-pages-index-js","assets":[{"name":"styles.c4a138143754bc458867.css","size":20244},{"name":"8719379448770535d03e5cf022bfb1e25c3ca964-26bd0c14db44c16bd197.js","size":26877},{"name":"component---src-pages-index-js-71d74c5158ba87e9ec93.js","size":26118}],"filteredAssets":0,"assetsSize":73239,"filteredAuxiliaryAssets":27,"auxiliaryAssetsSize":24722918},"component---src-pages-placement-js":{"name":"component---src-pages-placement-js","assets":[{"name":"styles.c4a138143754bc458867.css","size":20244},{"name":"component---src-pages-placement-js-d2a58353b33360f5de25.js","size":21267}],"filteredAssets":0,"assetsSize":41511,"filteredAuxiliaryAssets":21,"auxiliaryAssetsSize":22775752},"component---src-pages-programs-js":{"name":"component---src-pages-programs-js","assets":[{"name":"styles.c4a138143754bc458867.css","size":20244},{"name":"2845cb13557c47c09e2fc01d411c6d07608d23bf-14ce5a0fb66b086bbfcb.js","size":18578},{"name":"component---src-pages-programs-js-be886250bb6d31279d8b.js","size":1567}],"filteredAssets":0,"assetsSize":40389,"filteredAuxiliaryAssets":22,"auxiliaryAssetsSize":22773882},"component---src-pages-recruiters-js":{"name":"component---src-pages-recruiters-js","assets":[{"name":"styles.c4a138143754bc458867.css","size":20244},{"name":"8719379448770535d03e5cf022bfb1e25c3ca964-26bd0c14db44c16bd197.js","size":26877},{"name":"component---src-pages-recruiters-js-95e82895ad657a357e78.js","size":1283}],"filteredAssets":0,"assetsSize":48404,"filteredAuxiliaryAssets":22,"auxiliaryAssetsSize":22786544}},"assetsByChunkName":{"app":["webpack-runtime-0499259e40c4cf46be20.js","framework-9d5c940f69f4a61fbe12.js","app-d8a8087c5eee31e31438.js"],"component---src-pages-404-js":["component---src-pages-404-js-cbeae6cf7f81db14cc03.js"],"component---src-pages-about-cet-js":["styles.c4a138143754bc458867.css","component---src-pages-about-cet-js-20097704a346327676aa.js"],"component---src-pages-about-cgpu-js":["styles.c4a138143754bc458867.css","component---src-pages-about-cgpu-js-edcf0804228fa4efe3d7.js"],"component---src-pages-contact-js":["styles.c4a138143754bc458867.css","component---src-pages-contact-js-fa7748f3e00bf299a6ad.js"],"component---src-pages-gallery-js":["styles.c4a138143754bc458867.css","2845cb13557c47c09e2fc01d411c6d07608d23bf-14ce5a0fb66b086bbfcb.js","component---src-pages-gallery-js-f9724e4ccb4664b1d24d.js"],"component---src-pages-index-js":["styles.c4a138143754bc458867.css","8719379448770535d03e5cf022bfb1e25c3ca964-26bd0c14db44c16bd197.js","component---src-pages-index-js-71d74c5158ba87e9ec93.js"],"component---src-pages-placement-js":["styles.c4a138143754bc458867.css","component---src-pages-placement-js-d2a58353b33360f5de25.js"],"component---src-pages-programs-js":["styles.c4a138143754bc458867.css","2845cb13557c47c09e2fc01d411c6d07608d23bf-14ce5a0fb66b086bbfcb.js","component---src-pages-programs-js-be886250bb6d31279d8b.js"],"component---src-pages-recruiters-js":["styles.c4a138143754bc458867.css","8719379448770535d03e5cf022bfb1e25c3ca964-26bd0c14db44c16bd197.js","component---src-pages-recruiters-js-95e82895ad657a357e78.js"]},"childAssetsByChunkName":{}}