{"app":["/app-d8a8087c5eee31e31438.js"],"component---src-pages-404-js":["/component---src-pages-404-js-cbeae6cf7f81db14cc03.js"],"component---src-pages-about-cet-js":["/component---src-pages-about-cet-js-20097704a346327676aa.js"],"component---src-pages-about-cgpu-js":["/component---src-pages-about-cgpu-js-edcf0804228fa4efe3d7.js"],"component---src-pages-contact-js":["/component---src-pages-contact-js-fa7748f3e00bf299a6ad.js"],"component---src-pages-gallery-js":["/component---src-pages-gallery-js-f9724e4ccb4664b1d24d.js"],"component---src-pages-index-js":["/component---src-pages-index-js-71d74c5158ba87e9ec93.js"],"component---src-pages-placement-js":["/component---src-pages-placement-js-48ede3149aca31314c7b.js"],"component---src-pages-programs-js":["/component---src-pages-programs-js-be886250bb6d31279d8b.js"],"component---src-pages-recruiters-js":["/component---src-pages-recruiters-js-95e82895ad657a357e78.js"]}